piggybooboo,tootee shop,CLEANSING SET,925.0,1,images/2021-10-19_1634640566484.jpg,TH7890
piggybooboo,tootee shop,MASCARA,950.0,1,images/2021-10-19_1634640530328.jpg,TH5674
mixxiw,booboo123,MAISON EDT,5100.0,1,images/2021-10-19_1634643563357.jpg,TH3456
mixxiw,booboo123,LIQUID BLUSH,800.0,1,images/2021-10-19_1634643464055.jpg,TH2846
cheetah,booboo123,MAISON EDT,5100.0,1,images/2021-10-19_1634643563357.jpg,TH3920
khaotungg,leelee store,COMPACT BLUSH,1470.0,1,images/2021-10-19_1634641809929.jpg,TH2886
khaotungg,leelee store,CLAY PALETTE,1700.0,1,images/2021-10-19_1634641698016.jpg,TH4907
do0_nct,mix's store,PARFUM,8900.0,1,images/2021-10-19_1634580785104.jpeg,TH3334
do0_nct,mix's store,FOUNDATION,2500.0,1,images/2021-10-19_1634579088702.jpeg,TH3335
do0_nct,mix's store,PALETTE SOURCILS,2100.0,2,images/2021-10-19_1634580647185.jpeg,TH3336
